1,-62.568732093712185,0.1443,0.0404,25.9944,11.60076777621791,34
2,-59.10634411130483,0.1443,0.0493,38.5242,19.0118092872802,19
3,-60.96313471087054,0.1443,-0.0743,35.2520,19.834665554426863,25
4,-57.726405993121396,0.1442,-0.0032,39.9401,16.082831746899977,16
5,-67.52300931513405,0.1442,-0.0001,25.9524,14.650252708059647,37
6,-69.50750692467777,0.1442,0.0301,24.7547,17.943918640563417,40
7,-64.76652280418132,0.1442,0.0571,33.6812,26.762107525052237,30
8,-70.63188889679562,0.1441,-0.0364,20.3721,21.035197216053625,52
9,-49.492496452545716,0.1441,-0.0058,22.4897,20.141323718272155,45
10,-61.017183827050125,0.1441,-0.0211,32.1610,23.105749117587127,31
11,-65.24226063900787,0.1441,0.0064,33.1702,30.25598667017621,31
12,-76.75855193002167,0.1441,-0.0210,18.0307,25.335919754148254,63
13,-64.60775439225606,0.1441,0.0160,21.2736,22.528447537115987,45
14,-27.9013724501851,0.1441,-0.0171,18.9492,17.677962883761804,68
15,-66.68400135419458,0.1442,0.0174,25.0068,14.286091399419657,38
16,-40.526305169882505,0.1443,0.0229,27.0002,19.34595965313382,23
17,-56.52305089153692,0.1443,-0.0370,38.3485,13.451508492438096,17
18,-57.06460479627222,0.1443,-0.0029,25.7979,13.01535746288895,33
19,-47.90236722379197,0.1444,-0.0302,24.0439,17.284237271849094,37
20,-71.16987807873306,0.1445,-0.0046,23.0865,18.411355038289813,45
21,-55.483763645433086,0.1446,-0.0115,14.0721,10.835965315843815,32
22,-37.21323143019836,0.1446,-0.0019,24.2337,22.371357774039467,27
23,-35.46504160200136,0.1447,0.0085,22.6144,15.3229080154483,39
24,-26.220731584491745,0.1447,-0.0412,17.8130,25.148140432264558,30
25,-5.118426641164149,0.1444,-0.0012,10.2652,28.675488328177348,63
26,-34.66041751380838,0.1445,-0.1145,22.2392,24.024923429166797,31
27,-25.45700892839738,0.1446,0.0313,20.0943,21.91827234669573,27
28,-2.0782567086185253,0.1448,-0.0194,19.5727,17.549799968922773,53
29,27.50677464150401,0.1457,-0.0690,21.8209,19.38887262843146,70
30,-36.088179451927594,0.1459,-0.0911,25.7029,19.91994448656738,26
31,17.0583428276246,0.1460,-0.0800,15.1455,25.389935949980657,63
32,130.9507116539123,0.1463,-0.0073,12.9046,22.497962905839913,190
33,-9.102230037483288,0.1464,-0.0401,21.5024,17.79366359978948,50
34,-2.094425236619145,0.1465,-0.0376,20.4395,16.41208568518924,52
35,17.172215542700002,0.1465,-0.1289,16.6032,19.534119910846503,62
36,28.718993818849285,0.1466,-0.0567,19.2856,17.85286499044379,78
37,-6.258927709960908,0.1467,-0.0309,28.3614,13.777534898296212,37
38,-20.544925328279508,0.1468,-0.1317,29.6194,11.831701133085012,35
39,8.794376394323002,0.1470,-0.0778,14.8626,22.60687832517562,62
40,2.083038494185729,0.1471,0.0367,22.1265,18.968454655765868,47
41,2.2308400760904306,0.1473,-0.0844,21.0566,22.912200525883392,49
42,-22.33328912266838,0.1474,-0.0755,22.5437,15.502645209539967,45
43,11.0579471552308,0.1476,-0.1041,22.3970,18.606696963434082,68
44,233.48377735672585,0.1479,-0.0793,27.7434,21.65720536914812,119
46,260.17150526198077,0.1479,0.0090,23.0520,22.22836676112093,158
48,89.61594692343598,0.1479,0.0134,17.4953,18.285530984069137,139
49,46.05747496841663,0.1479,-0.1427,10.5145,15.121158385228492,96
50,236.46171426821442,0.1481,0.0588,31.3735,20.178621085783384,110
52,81.9911113832027,0.1483,-0.0901,17.0749,18.607776815030782,135
53,54.98265053473183,0.1485,-0.0660,15.6815,20.315033995844086,114
54,101.1462423939806,0.1488,-0.1461,15.1757,20.48050686929655,168
55,98.0290052715753,0.1492,-0.0482,14.4286,20.779145701824177,154
56,73.59415539846968,0.1494,-0.0792,14.7989,21.914440161905016,123
57,87.02487323030482,0.1496,-0.1257,14.5598,19.818262083524207,148
58,102.26951331390049,0.1498,0.0258,18.1056,20.882010308376675,143
59,95.1564555362944,0.1498,-0.0766,15.7762,18.824078459448465,145
60,93.40481843666493,0.1498,-0.0629,19.5657,17.896332647983183,129
61,78.3558123428983,0.1498,-0.0597,13.9128,22.414921423718607,148
62,77.28448060625638,0.1499,-0.1383,17.9424,18.226418206660135,131
63,93.0760159222684,0.1501,-0.0155,19.2630,17.888120512600576,129
64,78.3712200512602,0.1501,-0.0389,18.6156,21.56398973495922,131
65,93.458123765355,0.1501,-0.0442,16.3835,20.79709519453221,141
66,77.45306798865401,0.1500,-0.1418,17.6316,20.117357133758713,134
67,86.18026840470765,0.1501,-0.0194,14.8672,22.00232960436618,145
68,45.336404190888175,0.1501,0.0019,17.5440,20.92936988944752,112
69,102.61299676605122,0.1502,-0.1394,17.1602,20.578203753656872,142
70,81.45586402567352,0.1503,-0.0457,11.6187,16.296020833581814,128
71,86.5586779056589,0.1505,0.0255,21.0833,18.075790424304532,103
72,77.31516873170094,0.1505,0.0203,14.2632,22.377172518124453,126
73,252.67458949061606,0.1505,-0.1213,28.6372,21.887769621142343,124
75,12.523653060794985,0.1505,-0.2348,16.1443,20.917404581422154,59
76,51.44748218001922,0.1505,-0.1586,20.2040,19.132272618564492,102
77,90.82021851339067,0.1506,-0.2713,14.0374,22.78226506014012,155
78,271.72454369131015,0.1507,-0.1274,25.7192,22.84217446537035,149
80,71.5418387118062,0.1508,0.0394,19.3163,17.645793498323194,109
81,250.02899218393068,0.1508,-0.0220,30.4339,21.032262813457937,116
83,106.60598253356227,0.1510,-0.0901,16.5400,19.839403362097162,164
84,75.9502260786402,0.1513,0.1765,19.0496,19.133886442429024,110
85,110.86690066416753,0.1515,-0.1740,16.4903,18.34446242351437,166
86,98.69432225766832,0.1516,-0.2274,17.2747,19.105672272994887,164
87,100.78001971572792,0.1517,-0.0344,16.6998,21.855707872516508,141
88,117.99531495134272,0.1516,-0.3340,13.3361,23.03212459938205,159
89,103.75881698684549,0.1515,-0.0390,16.4781,19.5586142555782,163
90,253.58511978068856,0.1514,-0.2141,29.3982,19.22417073295682,131
92,24.07156500949381,0.1514,-0.0065,24.1530,15.955381038676647,67
93,252.34569274888932,0.1512,-0.2728,27.3136,22.282447185253147,126
95,102.76421182751591,0.1514,-0.0636,19.7355,16.846383013865392,131
96,263.49660647854137,0.1515,0.0090,27.2042,18.497281461976677,140
98,12.208581554829749,0.1515,0.2836,18.8291,17.921903164720586,53
99,99.81074286805219,0.1516,0.1544,14.9942,21.218289028897345,152
100,90.71816843655589,0.1515,0.0460,15.0974,22.096263941822645,148
101,98.63503643509185,0.1516,-0.1065,17.2520,20.74638320983645,144
102,50.25927153601769,0.1517,-0.2884,18.9022,21.59335277408727,88
103,110.59679419005192,0.1518,0.0398,15.1215,21.324754662849134,153
104,253.70565186031365,0.1519,0.0773,28.7707,19.710138071456143,121
106,235.15513542716081,0.1518,0.1023,34.9283,16.76213143485051,100
108,102.78961193968655,0.1516,-0.1381,18.1644,18.097335801088857,138
109,26.310718067344183,0.1517,-0.1362,17.1819,21.909907440109084,88
110,92.83947516460609,0.1520,0.0390,14.9793,20.46280455071861,143
111,105.75001894745571,0.1522,-0.0960,14.9140,17.9278257444486,170
112,75.78714386907549,0.1521,-0.1662,18.0449,18.877504392775624,134
113,90.62609817526277,0.1521,-0.3847,16.3425,18.912899665917486,142
114,102.99781419025663,0.1521,0.0861,17.1546,21.656188916618227,144
115,78.98459450734975,0.1523,-0.0400,15.8938,21.90957252524253,142
116,241.40997458818345,0.1523,0.1760,30.2852,19.658970016753763,114
118,108.88765514676714,0.1525,-0.4220,16.9623,20.157072675593167,161
119,89.18663935902703,0.1527,-0.0119,15.6204,23.44277855653729,122
120,121.94412088392852,0.1527,-0.1909,13.8824,21.040119011028587,183
121,85.02372151542042,0.1529,0.0263,16.4762,22.210280638559247,143
122,226.6871306419579,0.1531,-0.1206,31.4425,18.609161239677157,107
124,112.40231970291299,0.1532,-0.1894,16.9387,18.667009563110497,163
125,38.89225931296524,0.1533,-0.0355,15.6796,21.21035776267911,86
126,53.08259310466116,0.1534,0.1482,19.6714,17.82815473874657,101
127,113.87265505604682,0.1533,-0.0017,11.3213,19.45312464364891,160
128,58.2499105047894,0.1533,-0.2503,19.9064,20.99246051237211,102
129,253.22589064309278,0.1534,-0.0241,30.1409,19.482560527715663,119
131,47.141991186231806,0.1535,0.2244,16.4591,19.74345631757743,91
132,101.94443580203509,0.1536,-0.2100,15.9513,20.90695577592752,143
133,107.05142568732688,0.1536,-0.1639,14.9644,20.277126577752686,150
134,284.9837331580327,0.1537,-0.1817,25.6588,22.90828017077433,152
136,117.84737843222459,0.1539,-0.1545,16.2699,20.700836029640435,167
137,106.5181536457159,0.1542,0.1003,17.4344,20.696102419128135,163
138,94.62719315576848,0.1543,0.0288,17.6833,18.914273941480836,135
139,82.59709304563592,0.1543,-0.1498,17.7879,19.952901003561475,137
140,102.7487128858217,0.1541,0.2467,18.2080,17.974685601094357,141
141,94.26747315486148,0.1539,-0.2023,19.8320,19.858034537647303,129
142,101.3176767758898,0.1536,0.1105,14.7688,20.93278105116172,126
143,71.14891544450772,0.1535,-0.0406,17.5686,19.357547159366796,132
144,93.40377531774263,0.1536,-0.3285,14.9666,22.19836273285186,146
145,232.75404958927632,0.1539,0.1295,32.7070,17.47537890584157,104
147,89.43549998963036,0.1542,-0.1769,10.8452,17.828065796983957,128
148,67.78766586576987,0.1543,-0.3546,16.4534,20.253537960645318,117
149,106.71999050477683,0.1545,0.1449,14.4680,20.86890573494643,152
150,99.21827015520105,0.1547,0.0661,14.7812,21.385302546360137,120
152,77.58767446740919,0.1547,-0.6360,16.3506,18.437923312205807,136
153,244.4376050747076,0.1548,0.0683,26.8833,19.982416716051294,139
154,67.48512371755588,0.1550,-0.2070,19.1627,18.03392308558291,104
155,68.74526169286477,0.1551,-0.2906,18.1074,20.87685434118195,115
156,240.0506107797447,0.1552,-0.2397,33.0166,15.78465509128821,107
158,115.13939350728046,0.1553,0.0038,15.7917,19.37932018981412,175
159,136.10787408378437,0.1555,-0.2170,14.6965,20.97483292431645,176
160,91.32686547639341,0.1559,-0.1419,16.7585,19.98550964363687,144
161,109.78730824973783,0.1562,0.2387,17.6271,20.427097093668802,161
162,74.9661207316183,0.1565,-0.1482,17.1806,20.15986416015188,117
163,248.48878247922494,0.1566,-0.1024,29.7951,20.2418648185212,116
165,110.4375783119857,0.1567,0.1127,15.1907,22.444547529964044,158
166,106.0691831767476,0.1568,-0.2035,17.7277,18.518636689442744,140
167,62.99662211954936,0.1568,-0.2642,17.7822,19.11170249570246,113
168,96.77610609961312,0.1569,-0.1654,14.0668,23.815141784406467,155
169,94.82664643029852,0.1570,0.2159,18.9616,17.845502537265293,135
170,111.66854106522698,0.1569,0.0569,16.4062,19.337792753954055,148
171,252.88798388345018,0.1570,-0.2228,24.6668,22.11040880864196,148
173,87.78955006047627,0.1572,0.1235,17.7049,19.497719320755117,137
174,-20.559671809824028,0.1574,-0.5520,23.2150,14.287411422156827,41
175,84.27611132537984,0.1575,-0.0837,16.8202,21.574172219091317,118
176,248.31733024798112,0.1577,-0.1004,27.2912,21.145308703627432,137
178,82.7161280395971,0.1578,-0.0730,17.5324,20.246316534295065,134
179,88.51120235428272,0.1579,-0.2788,17.7537,20.887665088817315,133
180,275.58182133784425,0.1580,-0.4484,24.2497,22.314670722901646,152
182,83.2568654788507,0.1583,-0.0805,19.0772,21.384329086070093,132
183,242.44840335364853,0.1586,0.0715,29.0553,19.13112900245622,118
185,38.514598077972906,0.1588,-0.1504,16.7638,22.203703825661083,88
186,106.96646866360328,0.1589,0.1878,16.9803,21.466624830202548,147
187,109.5775254790297,0.1590,-0.3040,14.4674,19.73116282667477,154
188,60.23313348285693,0.1589,-0.0580,17.8751,17.349437780275302,130
189,90.0626592572151,0.1589,-0.0793,19.1010,17.659281490173644,130
190,76.6501877610884,0.1590,-0.1670,16.6881,19.251797943493905,134
191,237.73352411952774,0.1591,-0.5790,29.3053,20.31548480831866,114
193,72.68943394681351,0.1594,0.0985,14.8015,22.620915851604085,126
194,77.19563737964167,0.1595,-0.4527,16.4868,23.53704128149483,121
195,276.2498383925671,0.1597,-0.0639,20.9842,18.22273165593644,198
197,109.76197561534067,0.1601,0.1685,18.7104,19.055595923770447,141
198,120.06647736264429,0.1603,-0.0400,15.7293,22.027679558164316,156
200,89.13022192729653,0.1604,0.0183,14.8844,21.755604635756132,153
201,62.511799441055174,0.1604,0.6279,15.9604,21.445191777796936,90
202,224.27280947204451,0.1603,-0.0502,33.5006,17.82701993603195,102
204,65.36392181743271,0.1602,-0.0203,14.8047,22.91860098596464,123
205,92.12684736693339,0.1603,-0.1479,15.7407,18.06913928496452,149
206,245.40561352501135,0.1604,-0.4213,27.6448,22.094893001721836,122
208,110.75735246252671,0.1609,-0.1869,14.2062,22.19771388627948,156
209,106.72137256752507,0.1612,-0.1800,18.2683,20.917945735480426,146
210,87.75691951234663,0.1617,0.1647,15.1360,22.139916933878055,143
211,89.04969524183451,0.1619,-0.2863,16.4193,21.709479500280942,124
212,253.4087549210616,0.1622,-0.4067,24.4082,22.194642851307087,148
214,238.53788442131307,0.1629,-0.2950,28.5121,18.620183361267102,131
216,239.15742965785103,0.1634,-0.0581,33.0232,19.104705960922807,104
218,99.65358925542176,0.1637,-0.5599,15.6432,21.31339552739509,148
219,107.99535441382906,0.1643,-0.3096,15.1849,21.12193117196016,149
220,249.9580409562164,0.1649,-0.0467,27.4454,20.736908136456393,126
222,88.08736247802923,0.1654,-0.0972,13.7131,25.083286469611984,126
223,240.64039431645074,0.1655,-0.1171,29.0700,22.060714452718955,117
225,273.5268044070517,0.1655,-0.1124,26.1118,19.479728726050933,145
227,112.85436029278762,0.1655,-0.0945,17.9582,18.58610498807257,161
228,83.3234567947369,0.1654,0.0179,17.4999,21.376422063059675,114
229,77.89817469784107,0.1653,-0.2607,15.3617,23.03557501417333,116
230,73.36257936365303,0.1653,-0.2409,14.4166,21.447335001710183,125
231,251.12070691553564,0.1652,0.1244,28.6313,23.834919539948615,121
233,56.47166717806469,0.1651,-0.3373,18.7052,17.2948820206833,104
234,224.14184715643097,0.1653,-0.2814,33.2130,17.526874025311965,101
236,124.51037037767813,0.1657,-0.0531,14.9359,23.918333891098538,150
237,94.87320544582454,0.1659,-0.2927,13.9840,22.57135136626726,154
238,71.70145924776615,0.1661,-0.2618,16.1061,22.537600805627303,126
239,66.50221675579657,0.1664,-0.4618,20.4215,19.15207650185227,105
240,111.84894254196837,0.1668,-0.6802,17.2339,19.647546512248447,162
241,225.96104501889528,0.1672,0.0284,33.4119,21.510316398368925,94
243,256.82049878401864,0.1674,0.4540,27.6610,23.954831186161396,125
245,245.4228531375573,0.1673,0.5241,28.6828,17.59469749744466,121
247,251.63389938240357,0.1672,-0.0511,27.4400,21.101158556710548,125
249,83.61090194971857,0.1669,-0.2544,17.1621,19.856128838216456,137
250,50.49352410442974,0.1668,0.1593,19.1046,19.119651598500607,105
251,97.90541279469161,0.1669,-0.6264,12.4976,17.970150708714133,160
252,255.13977860903526,0.1671,-0.0394,27.8905,18.726318216552603,135
253,92.71645456807877,0.1676,-0.3531,18.0628,21.4689882959791,138
254,229.20397360716157,0.1681,-0.0133,35.2994,17.142161042010795,97
256,95.21043350306905,0.1687,-0.4216,16.4796,19.03316649055881,145
257,95.5663696250196,0.1691,-0.1453,17.1889,19.167293409609318,121
258,95.65497339368218,0.1693,-0.1348,11.7275,14.854496861995452,128
259,72.02201506432365,0.1694,-0.2993,18.7175,17.80467793954083,132
260,96.69726645472585,0.1697,-0.7912,19.8021,16.62315149092732,130
261,238.39257970135506,0.1701,0.2760,29.3756,20.942630899721056,114
263,88.57000985150407,0.1705,-0.6666,13.8766,21.721668612747553,127
264,263.7022430456805,0.1710,-0.5455,25.8465,20.620149672216634,144
266,249.29087614715064,0.1716,-0.1816,28.1318,20.22599885624864,123
268,15.27804373629202,0.1721,-0.4816,12.2291,13.408793011104999,64
269,73.86477826597589,0.1724,-0.3625,18.0129,17.666143137807797,131
270,236.4909567356386,0.1731,-0.6631,26.3633,22.80476260796069,121
272,95.1122723705898,0.1736,0.4953,19.9814,18.111998017712462,129
273,96.91071607726454,0.1735,-0.0491,14.5344,19.665567028801984,146
274,103.26089103418465,0.1735,-0.3338,15.8507,23.395180935092576,154
275,42.6115694056286,0.1736,-0.2634,14.3386,20.731036897832386,92
276,228.3738057327638,0.1737,0.3343,28.9112,19.462891934689093,114
278,225.84243169816955,0.1737,0.0251,33.5363,19.145517508055764,94
280,223.94729303428232,0.1738,-0.5371,30.9821,18.73166113582564,106
282,227.21733843378655,0.1740,0.5870,32.9335,17.44993679937282,102
284,81.8943094010013,0.1739,-0.4233,16.4353,20.420857245598736,139
285,71.77993915377577,0.1740,-0.9487,20.4600,18.269129666685,111
286,233.15202079403008,0.1742,-0.4942,31.8297,17.115851300996674,107
288,63.078810742648045,0.1745,-0.1870,17.7443,18.72921178292574,92
289,84.80457793696257,0.1746,0.0691,19.4465,19.609257997374655,110
290,223.86181179995958,0.1747,0.1373,34.0313,18.099183704824117,98
292,246.33932162186696,0.1747,-0.4132,27.2314,22.452710553356795,125
294,89.68422270540907,0.1747,0.1158,19.7230,20.95192053054,129
295,226.84015982250395,0.1745,-0.4751,31.9350,18.87716762615839,104
297,246.55462890764466,0.1746,-0.2334,29.4153,21.581701138169173,116
299,239.40201277308216,0.1747,-0.4755,27.1930,21.03370151269764,121
301,223.22540248720077,0.1750,-0.4137,34.3569,15.811398108864024,97
303,240.41848427314514,0.1756,0.3473,28.3888,20.97188106616672,117
305,64.0820197141023,0.1759,-0.4288,22.0447,16.963392823762163,100
306,250.20747774457232,0.1762,-0.2702,28.3548,17.217011962814638,132
308,254.3060306479049,0.1763,-0.7588,25.0367,19.240102344351758,143
310,250.22165841118706,0.1766,-0.4261,29.1555,19.746756753271455,118
312,74.61149885593933,0.1770,0.5346,17.0456,18.222594951189492,91
313,103.42584332690922,0.1770,0.0096,18.3505,18.210573278184008,140
314,48.22556939216577,0.1772,0.1057,22.3095,17.20889102548445,75
315,111.44280836719398,0.1772,-0.0989,16.9345,21.463213828088158,148
316,252.06769903132877,0.1770,-0.3623,28.2713,20.373611452643487,121
318,90.63703739611006,0.1772,-0.7317,15.0869,21.408402022917684,126
319,122.93213392336244,0.1776,0.4708,16.1332,20.16796500915779,150
320,93.4976306181672,0.1779,0.3058,14.9566,23.40844403344752,122
322,104.40693825310231,0.1780,0.0251,16.6172,21.292010259748533,149
323,259.16270090126005,0.1782,-0.3382,28.9809,20.88386379171949,121
325,219.82099951577123,0.1785,-0.0727,30.8762,19.213768043662007,104
326,246.23232459952152,0.1786,-0.1720,27.6311,21.44326128406669,123
328,238.6659544022444,0.1789,0.1919,28.9021,22.06049301140118,114
330,82.24633653186828,0.1791,-0.0953,17.7168,18.523451418543623,139
331,253.0074488143561,0.1794,-0.5128,27.6158,20.09205634518668,135
333,236.49425195901387,0.1797,0.2479,28.4829,22.412023551606666,114
335,272.6179555293423,0.1793,-0.0913,28.8565,16.880498098742134,135
337,239.9217851266022,0.1792,0.6683,31.6775,17.51832521657419,107
339,220.32127440448573,0.1791,-0.2011,33.1554,18.402824474106833,98
341,78.527360406485,0.1792,-0.3245,17.6090,22.34588698864193,123
342,222.24135266211755,0.1792,0.2821,34.0855,17.13910602913923,97
344,247.13008893420943,0.1789,0.1967,28.0282,23.90045253894721,120
346,238.38009737025672,0.1786,-0.2779,28.4313,21.665923616052517,116
348,109.48869671837144,0.1786,0.0480,17.5964,19.493468621668324,162
350,245.26454412594717,0.1784,-0.1010,30.5582,18.268603332937996,112
352,248.90723073404348,0.1784,-0.1080,28.9702,21.57513512218989,118
354,246.27890357247523,0.1784,-0.3529,29.5890,17.949776538737332,115
356,50.40362465782438,0.1783,1.0760,20.1433,17.112434297556312,80
357,80.20460746257777,0.1779,-0.0020,18.4450,21.382686045532125,114
358,256.35112778023415,0.1775,-0.7492,26.9834,23.463782502602747,126
360,249.5732652057595,0.1776,-0.3505,28.6254,20.578228195739733,118
362,227.17777725974094,0.1779,-0.0931,32.5888,18.075777102806246,102
364,239.90261151475022,0.1783,-0.3461,33.0872,14.938528085395857,104
366,240.779120849615,0.1789,-0.5329,31.8019,17.068379409729843,106
368,80.97025372859974,0.1793,0.0201,15.2193,21.42454955860235,120
369,40.67924534996645,0.1795,-0.5015,22.6080,19.0374700393962,74
370,-5.4454938403425075,0.1799,-1.2514,19.7373,18.265283121776278,51
371,238.3377540700482,0.1801,-0.6505,29.4826,20.770700350808486,113
373,246.808548739359,0.1807,-0.1579,29.4939,19.903967762389904,115
375,238.4269482516367,0.1808,-0.0759,27.8348,19.61186938471458,118
377,250.8323222527405,0.1809,-0.4508,27.4547,23.22773848643916,125
379,99.66342605517013,0.1809,-0.4681,17.5239,21.64182062002483,123
380,238.63222903338925,0.1810,-0.2720,26.2827,21.311007974133034,124
382,86.18900655958763,0.1811,0.4855,19.6275,19.354085905962588,114
383,103.84661238671694,0.1812,0.1567,17.3949,19.56082334536645,163
384,226.3733102670755,0.1815,0.1251,30.6859,21.977798185709368,108
386,259.1948348218816,0.1819,-0.1838,25.4807,21.668198364716165,143
388,46.36043563534564,0.1821,-0.7975,22.2046,19.923114807814816,75
389,60.38485257606594,0.1825,-0.0977,18.2375,19.58036424861254,89
390,261.14831626102665,0.1826,-0.1491,28.5710,22.18709477718314,122
392,278.4356071290216,0.1826,-0.4379,26.2777,21.163885704510406,143
394,266.6645056211317,0.1829,0.3027,26.8604,20.31420590919351,139
396,58.46171122710483,0.1828,-0.0972,22.1371,14.859517680257689,78
397,73.38294562786307,0.1826,0.0124,17.1604,19.091756460366913,91
398,99.436798091122,0.1823,-0.7359,15.2983,21.561931119279787,152
399,239.03196364569698,0.1823,0.4973,29.1649,22.13545012795437,114
401,248.26347810475065,0.1820,-0.4185,29.8585,20.50851734710048,113
403,234.01093228268425,0.1821,-0.5472,32.3789,18.24642099234507,103
405,84.7927639253356,0.1819,0.6860,16.2873,21.225849740081426,126
406,244.80022381571663,0.1819,-0.1645,30.0860,19.343330531884238,112
408,261.23926012489335,0.1820,-0.2931,26.4682,20.470544413412668,140
410,259.87731228129167,0.1823,-0.2480,29.2823,17.716525940429445,129
412,236.73812819182083,0.1826,-0.3164,30.7349,18.100666794274368,108
414,118.6514248395446,0.1826,0.5655,9.2178,13.414269777985206,306
415,253.27968489817374,0.1820,0.0868,26.6311,21.83263264834797,126
417,71.63060915103264,0.1816,-0.4874,19.6927,21.12602302604624,111
418,242.46598970395968,0.1815,-1.1097,29.9445,19.835479313366616,110
420,59.76624134452132,0.1817,-0.2490,17.4675,20.502098660893072,87
421,101.31687379163031,0.1819,-0.2563,20.9663,17.67773535452776,130
422,249.88266358210745,0.1821,-0.2656,29.3231,20.839295354698834,117
424,66.47036512584698,0.1825,0.1016,11.9448,15.650675155219945,96
425,85.74026462278684,0.1828,0.0930,19.5990,19.806316228397268,114
426,100.29590207132838,0.1831,-0.5383,17.8424,19.409987469753126,140
427,108.90146275944969,0.1835,-0.0915,17.0271,21.943332174359323,144
428,261.80585966006623,0.1840,1.3553,27.8078,19.441389052097573,137
430,121.19817147103092,0.1840,-0.8024,15.1935,20.999948208330885,153
431,255.50570956490787,0.1838,-0.7806,28.5704,20.44469365059289,120
433,116.2305124248609,0.1834,-1.2632,16.6319,19.208910120096665,170
434,253.0755946661545,0.1835,-0.4749,28.2852,21.95994032977556,121
436,240.4693561695049,0.1840,1.0419,27.2359,21.489264580241496,120
437,238.09173953727563,0.1843,-0.1434,30.9630,17.223553338552076,108
439,19.640370404355465,0.1844,0.5661,19.6270,17.040936124692962,56
440,230.96820489621246,0.1845,0.3163,31.6067,18.886726171303657,103
442,112.96203476957649,0.1842,-0.2995,15.1521,22.310588892876176,151
443,216.68884518988924,0.1844,0.4006,32.6315,23.004527436394024,92
445,251.9733770837886,0.1845,-0.1578,30.6141,17.93134631270448,112
447,77.19210033810228,0.1846,-0.0337,21.1089,17.257231671642316,104
448,255.78060774308307,0.1847,-0.5161,27.8505,22.64251294652117,123
450,113.34474033809653,0.1847,0.2694,15.7686,22.960748061377732,151
451,234.13236125303618,0.1847,0.3583,32.8555,17.23139557455204,101
453,103.78408753291922,0.1846,-0.8782,17.2036,21.14125965385168,144
454,100.99321542281874,0.1849,1.0029,17.1509,23.010772498793152,127
455,238.23063120144948,0.1851,0.3754,30.6066,16.14256416960505,108
457,57.925664538180015,0.1854,0.3932,18.9260,22.196760721775192,87
458,287.4794163804611,0.1854,-0.1680,25.7074,20.774318018519804,148
460,77.62716966535142,0.1854,0.2492,21.2702,17.881593539251124,104
461,233.39974043996867,0.1851,-0.4218,28.6605,22.036401902366922,114
463,218.22653935983197,0.1847,-0.4927,32.4154,18.63779891344569,100
465,233.00294593223006,0.1847,-0.2373,31.2240,19.126533529717072,105
467,122.31235525018664,0.1850,0.3789,11.3081,11.859892391650911,268
468,94.6890698873124,0.1848,0.2340,16.4127,24.60127685817961,125
469,267.08065498914453,0.1846,-0.2417,26.2755,20.71624590676321,142
471,244.6649317595179,0.1845,0.0567,28.0646,19.53588017465271,117
473,115.72306139039273,0.1844,0.1472,18.3867,21.04713240309144,145
474,246.6034584789272,0.1844,-0.1139,28.7557,18.85648377328045,117
476,242.55007737090133,0.1845,-0.5280,27.4054,20.91671145473272,120
478,77.5218179011838,0.1844,-0.7873,24.9001,17.516456304456053,97
479,239.32055775324395,0.1847,0.4825,28.3381,20.48770561263567,117
480,59.692698788359024,0.1850,-0.6687,20.9431,18.738951565634242,104
481,258.12737700182254,0.1852,0.2157,28.6130,19.02093971380732,131
483,244.7718588988573,0.1853,0.1108,27.6794,22.235998277879848,121
485,85.1065409480021,0.1853,-0.1514,19.3409,18.871229168085765,134
486,81.60913800628535,0.1855,-0.8767,17.4514,22.511848170337338,119
487,81.57571223656174,0.1857,0.0576,18.6536,19.4143588466414,117
488,238.99380095865607,0.1856,0.0970,31.2757,18.352214836372696,106
490,264.0665117637066,0.1857,0.5441,22.9367,21.14771273484536,154
492,67.46853475320981,0.1858,-0.9333,21.0967,20.872771435130616,107
493,41.42375422552429,0.1860,0.6450,25.1258,14.801123223968334,72
494,232.2574249436438,0.1859,-0.0916,31.3546,21.264159367383154,104
496,222.08612791413498,0.1858,-0.7406,23.6482,17.212420559992736,96
498,132.59603596154545,0.1862,-0.5428,13.8682,22.177495649247,158
499,257.5301450421785,0.1867,-0.7553,24.0340,19.84315245989052,147
501,232.5752053981776,0.1872,-0.9167,31.3756,17.72705908414488,105
503,241.57834892266663,0.1880,-0.4387,25.4945,22.804392445565774,125
505,208.66607893071273,0.1888,-0.7619,32.4972,23.001471962838746,87
507,59.35612179284321,0.1893,0.2383,12.8369,18.14941377475742,96
508,57.100168452965974,0.1895,-0.1949,21.6920,17.32688026541278,80
509,252.72763921467643,0.1895,0.3938,28.0561,22.6771356824602,120
511,86.55527765945152,0.1894,-0.1604,17.9742,20.399171467876283,121
512,291.8433367267513,0.1895,-0.5378,19.2190,19.29593700841063,160
514,127.62558351998459,0.1897,0.1356,17.2216,15.268933317661167,168
515,224.60651158087614,0.1900,0.7303,29.0601,18.604518655599865,108
517,239.9306318363127,0.1902,0.0399,25.3660,22.381537414255433,123
519,124.17658711457315,0.1905,0.1594,18.3911,19.369356362092436,145
520,246.9379960877822,0.1904,-0.7618,29.9330,17.277078918866184,111
522,32.92791087991745,0.1908,-0.1670,29.1050,14.647240923665292,65
523,107.24696165773952,0.1911,-0.6581,17.1953,18.67939522259105,141
525,232.5828007233333,0.1914,-0.2502,28.9138,17.762445302676312,112
527,245.1393545678395,0.1916,-0.4206,29.8429,20.405305501180738,111
529,275.81170695012554,0.1917,-0.0924,27.4352,19.786822571701634,138
531,254.53045999337127,0.1917,-0.0092,26.0469,21.76000253219377,127
533,218.19731130962458,0.1915,0.8900,32.6041,21.169886489422442,89
535,102.49625360717837,0.1908,-0.6502,17.3369,18.845297637421908,142
536,230.46500913188208,0.1904,-0.0867,31.5835,19.503490821658527,103
538,245.56228162627218,0.1905,-0.3571,26.9209,23.5123729814306,124
540,246.37179488192245,0.1907,0.1269,27.9152,22.009726101222842,117
542,268.7612836127527,0.1909,0.3118,28.1328,17.560067140012322,133
544,113.56284584641145,0.1907,1.0584,19.4723,20.020222337843045,142
545,97.60286579461996,0.1904,-0.3326,21.2778,19.148482611909973,132
546,235.85457711529452,0.1904,-0.4275,30.2700,19.934439232974878,108
548,82.02396445515092,0.1908,-0.4220,19.5331,20.067895837357202,124
549,29.88358791166256,0.1912,-0.0441,19.4135,18.57154180387439,59
550,263.6683034251225,0.1917,-1.3372,26.8660,23.454218828115998,127
552,265.20977455687125,0.1925,0.3357,28.5441,17.45139031135339,131
554,241.5566390860446,0.1931,0.5272,29.9497,18.997131109849015,110
556,227.92534430686476,0.1930,-0.2648,32.1289,16.205705142235892,100
558,233.7674014176132,0.1932,0.2503,30.4929,19.471520256346647,105
560,95.87648899009548,0.1935,0.6780,11.1812,13.351789931478894,245
561,240.27104521831126,0.1933,-0.3674,29.5553,21.749614846877446,110
563,57.11378077615612,0.1932,0.0197,18.0250,22.665290606339592,89
564,257.60421353034974,0.1934,-1.1030,24.2580,22.36073683932508,145
566,242.2068809256804,0.1936,0.1446,25.9729,25.189135239937016,124
568,266.09102875164655,0.1936,-0.6127,28.2991,18.55200789345488,130
570,256.6320631253085,0.1938,-0.1607,27.6400,22.09071470796734,121
572,87.85017392650948,0.1941,-0.0596,18.2309,20.18200375742439,143
573,228.31867580112316,0.1942,-0.6732,32.6961,17.950478100673873,98
575,240.92575824212992,0.1944,-0.3653,28.2190,17.551322607766693,114
577,245.39797791125193,0.1944,-0.1829,29.7056,18.564539524780226,111
579,232.78603611975154,0.1944,-0.5195,31.5627,16.80172479338943,102
581,245.0195276885804,0.1944,-0.0088,26.3285,22.531898747662353,124
583,247.74309466643948,0.1943,-0.5600,26.3640,19.06454255290095,121
585,53.76254395990733,0.1941,1.1905,24.0261,14.220361781872514,76
586,267.86514204258026,0.1938,0.3012,24.1878,17.623123544587344,146
588,73.73871065304229,0.1932,0.4719,23.9813,18.423948674441096,100
589,30.618875219299085,0.1927,0.4395,29.4177,15.148086494957532,65
590,125.37230841285574,0.1923,-2.0468,14.8506,18.53913303007443,155
591,242.02045917091903,0.1920,-0.4868,29.1631,18.14415518689741,113
593,36.57682398422884,0.1918,0.4019,29.1037,14.933365132198496,66
594,226.3080430674571,0.1917,-0.0811,32.6231,18.820877155645643,98
595,260.3708521944484,0.1920,0.3711,23.8446,21.912131775131797,145
597,253.62404529289185,0.1920,0.0350,26.6093,22.040533785064003,125
599,94.36346667841318,0.1921,-0.1719,17.4356,22.249062921795254,121
600,40.78638008700942,0.1923,0.8200,24.2285,18.565122042712677,79
601,242.57562187344652,0.1922,-0.0899,28.4938,18.679073713503605,113
603,33.54523706959108,0.1923,1.0922,24.8625,17.89380721281093,72
604,86.62929129292883,0.1923,-0.3820,18.9574,22.3551809585344,121
605,66.7348926521276,0.1925,1.1531,18.6519,20.523549588502313,89
606,18.58952867023409,0.1925,-0.0289,23.3294,15.02503125188014,52
607,15.798425559989795,0.1924,0.9695,22.7294,18.362311893002722,53
608,256.14949114900173,0.1922,-0.1451,26.0444,18.61325425195607,137
610,234.4856756308718,0.1923,-0.2025,26.7824,22.67116465141518,117
612,264.38161524600514,0.1927,0.0416,21.0170,17.28261048148159,128
614,98.09831938462665,0.1931,0.7741,16.9915,22.141423651549474,121
615,259.70526450911075,0.1936,0.7728,27.8732,19.89166810426266,130
617,232.3965481480702,0.1938,0.2157,28.1854,19.022549976453387,111
619,259.61220601818536,0.1939,1.8109,26.4495,19.787980420362267,127
621,280.26032268182354,0.1937,-0.1232,26.6872,19.32326695439145,139
623,273.79574352954427,0.1939,0.4074,24.7627,20.72083473179809,145
625,247.58934863677962,0.1940,0.8570,26.9581,21.99161190697419,121
627,256.3810108611581,0.1937,-0.4017,24.1150,22.162009221406187,141
629,101.38067496321193,0.1933,-0.9343,15.1393,22.061205069839268,152
630,229.80807167618676,0.1934,0.2146,29.2249,19.53637410063334,108
632,259.4920150112853,0.1934,0.0884,26.2059,16.015848747632386,135
634,84.010926074823,0.1934,-0.2164,19.9091,18.462284797052924,113
635,245.81906644908796,0.1935,-0.1482,24.3896,25.587677279685305,127
637,219.41943829766794,0.1938,-0.6712,31.2382,19.52261694939149,100
639,251.03711350987598,0.1943,-0.0390,25.6281,19.56746950994867,124
640,42.86858713307505,0.1948,-0.3420,20.9346,18.793840849858366,83
641,69.05716131092343,0.1951,-0.7136,17.8171,21.040089383179204,91
642,251.13625130260243,0.1954,0.1222,27.0863,20.789417679794884,120
644,233.5683584970942,0.1959,-0.7578,27.1054,22.45831011335771,116
646,57.30737298190293,0.1961,0.3164,20.8792,18.120757588063658,83
647,237.9872976848731,0.1961,0.2066,27.9101,21.25549190906475,113
649,240.13701021736642,0.1962,-0.5354,28.2500,21.607741064009875,114
651,232.48439041390822,0.1965,-0.6496,27.0522,21.511714079054453,115
653,82.75829348400188,0.1968,0.2424,23.7713,16.381661430068334,102
654,44.598209160444455,0.1973,0.2857,27.5240,14.605462797157395,70
655,248.80302102480078,0.1977,-0.0446,24.7659,19.408772653613127,137
657,237.52816742967008,0.1980,0.8264,29.8967,19.746139359169252,106
659,125.17018451072585,0.1982,-0.8007,20.1145,18.65193004169892,162
660,58.98340130961515,0.1988,-1.4666,21.6347,16.457667004411892,82
661,51.270434908026004,0.1994,-1.1282,21.7742,16.790822226344535,86
662,272.7878763845083,0.2001,0.1692,28.6330,17.080758077912293,130
664,29.85980892906558,0.2009,2.1213,18.7789,20.000162111456813,63
665,274.9156483073774,0.2010,0.0905,27.4478,20.30097776552105,134
667,35.86764359331795,0.2008,-0.0385,27.2394,14.709054688602821,70
668,237.49043560203023,0.2007,0.1913,29.3097,17.49646818035286,109
670,231.5174792200873,0.2007,-0.0844,29.6015,18.546299323370434,106
672,250.6117076977318,0.2007,-1.0839,25.9289,19.112371773414388,122
674,237.10082036336564,0.2006,0.2427,31.6249,16.850997758323363,101
676,219.7825019958329,0.2006,-1.8730,28.5508,18.869421414736323,104
678,109.75081594312695,0.2009,-1.2507,14.6861,23.89528988245514,159
679,224.09215068649144,0.2014,0.7296,31.3842,20.581333798027828,93
681,230.87579704116425,0.2017,-0.6672,30.4303,18.171500320940044,103
683,95.75330106248288,0.2021,0.0284,16.4978,19.607611327409774,126
684,239.86317467154504,0.2023,-0.6869,28.7212,17.92313637285483,110
686,231.0253366478506,0.2023,-0.3820,28.5260,19.303859723074428,108
688,231.56418834302067,0.2022,-1.1017,31.4692,16.100001913458794,98
690,41.07057957430287,0.2026,0.8996,28.7943,15.055567287478729,68
691,232.85283911445336,0.2024,0.3525,24.9388,18.076148410333772,134
693,235.29153650495522,0.2021,0.1356,26.9813,20.68509837364072,115
695,48.55088514383216,0.2021,-0.4208,24.9436,16.444652692600325,77
696,241.55809581705736,0.2022,0.0048,30.3407,17.734130667744253,105
698,72.98239932724732,0.2024,-0.4416,25.8793,17.94013157453465,99
699,219.08085721965048,0.2026,0.3531,31.4653,18.726272694706378,89
701,84.13103222571121,0.2028,-0.2956,21.8406,19.4179730980504,107
702,86.11725949751667,0.2029,-0.3538,18.8956,22.557900460375397,122
703,254.95310161942263,0.2030,0.0226,26.9118,18.265110800352627,130
705,223.96109683279698,0.2033,0.8568,30.2877,18.54537884973489,101
707,247.89561287119955,0.2032,-1.0715,26.5861,20.503671009730947,121
709,112.3033167868627,0.2027,1.6577,11.9666,14.918236012997559,243
710,226.41214725330013,0.2016,-0.4208,31.9696,16.86851193473418,97
712,228.39814278404168,0.2010,-0.1627,29.8400,16.89348533320438,101
714,63.352461609890824,0.2005,-0.6314,18.1094,21.409387022077485,91
715,224.92991609285963,0.2004,0.1884,31.0483,17.683855259369814,98
717,240.23463227138052,0.2004,-0.0459,23.8098,21.509872027079613,127
719,73.29784926963443,0.2004,-0.2517,25.9232,16.981251579930387,98
720,221.9534821721975,0.2004,-0.0828,30.3010,19.98311942339325,94
722,76.3362811335258,0.2004,0.5061,26.2428,15.467393111632664,98
723,80.01905639048917,0.2004,-0.5637,19.0664,20.96168710266721,113
724,35.06138793971306,0.2005,1.2962,18.7213,20.511499934177674,63
725,50.77739169132005,0.2003,0.6122,19.3014,20.859506728744694,85
726,97.44059734832544,0.2002,-0.4474,17.6490,21.422514650979995,142
727,246.06869303850817,0.2003,0.0264,28.0248,20.896444493489717,112
729,264.63467801337447,0.2004,-0.1730,25.0260,21.82737340750019,139
731,63.88172827449684,0.2004,-0.7629,18.8459,18.912225542414316,89
732,-3.9228893889560084,0.2005,-0.1773,34.9692,9.10856860587788,38
733,27.248356888796152,0.2006,0.1274,21.1228,21.11169325988147,59
734,81.36456425097515,0.2008,-1.2946,20.4895,23.014662706755335,117
735,219.62210538889616,0.2011,0.5591,29.2790,22.998193203292058,95
737,232.5902598801528,0.2011,0.0296,26.1055,19.108791595089563,114
739,56.06103737317744,0.2011,0.6625,22.3575,17.860536083633665,81
740,220.30037322873727,0.2008,1.2101,30.9030,20.56265374847303,91
742,227.5932221162269,0.2002,-1.5152,29.3503,19.61018586952565,103
744,37.82167996116722,0.2001,-0.5664,31.5472,12.94059606484034,65
745,231.9791534297742,0.2001,-0.6629,30.4804,16.49693879339811,100
747,76.70167954887492,0.2004,-0.3302,17.4714,22.1964056752988,124
748,215.90296065030248,0.2004,-0.1513,30.2152,21.985222996670846,91
750,22.840355721776206,0.2004,-0.0627,23.2180,16.93354486932681,57
751,14.043821539623934,0.2004,0.5741,23.4293,19.273532358061573,54
752,245.36200320171554,0.2006,-1.4692,27.0134,18.05176741258952,116
754,255.49414562937295,0.2010,-0.5520,27.3421,19.311106459445128,117
756,228.93852398071704,0.2012,-0.4879,27.3341,21.623510134097575,112
758,63.235274732220816,0.2015,0.2028,19.7117,18.208698934133967,88
759,239.42627136726446,0.2015,-0.3928,28.3757,21.01108378698027,108
761,248.1831615927255,0.2019,0.0520,27.6284,19.611324241034886,114
763,240.20942641938237,0.2021,-0.2355,28.0365,18.262853928517817,109
765,51.35246524128385,0.2022,0.5885,25.0023,16.69517378134462,77
766,10.203670316910866,0.2021,0.5645,29.9385,12.352397059585087,45
767,251.40072308226544,0.2021,-0.9592,27.1641,18.954926836804677,116
769,34.51276348747369,0.2025,0.4607,12.4822,14.886637444702266,64
770,90.58430475264385,0.2027,-0.7156,18.0520,23.38624817050462,124
771,58.980266659308995,0.2027,1.2330,20.9180,20.38064597104937,85
772,43.84316164472351,0.2026,-0.0068,23.9493,18.241802586538718,78
773,43.40687935463711,0.2026,-0.3478,25.3101,16.867717769674844,75
774,232.55538301578557,0.2026,-0.1794,30.6701,17.465120643539734,100
776,253.310299712338,0.2025,0.1094,24.9206,23.382069351049964,126
778,245.0673415140177,0.2023,-0.6808,27.2503,20.57509879469996,114
780,55.724080306214944,0.2023,0.8444,25.4506,13.757832401293184,98
781,212.3982359897301,0.2022,0.0072,30.0840,20.223119378495543,89
783,255.1511895296171,0.2022,-0.1648,22.6720,18.482533685611568,146
785,262.207072396415,0.2019,-1.3583,27.0955,18.23499201852602,120
787,239.00725556649604,0.2018,-1.0268,27.9926,19.885147803376967,108
789,42.90975679449592,0.2019,0.5335,26.5016,17.06763207622163,74
790,258.7699871199156,0.2016,0.8760,25.7395,17.8811046552991,122
792,251.45975123133115,0.2008,0.0237,27.5200,19.97198966366801,114
794,232.93386441406568,0.2003,-0.7086,30.0108,19.381742745250627,101
796,240.5190739497453,0.2001,-0.1705,25.6071,19.81167454719089,118
798,73.00953187290236,0.2002,-0.3421,23.3072,17.695842071156438,105
799,83.3339657660502,0.2003,1.0783,22.4144,19.39450431317782,110
800,30.56414441844693,0.2002,0.1614,19.3486,20.964149096909498,63
801,92.7081782645702,0.2002,-0.7172,22.3293,19.063471707815566,109
802,219.4233494983144,0.2002,0.7763,29.2513,23.700896517623693,94
804,225.68178739260696,0.2001,0.8858,29.5383,22.296619820264343,95
806,263.39110315469446,0.1996,0.7588,26.3862,20.34078335857456,124
807,54.81160525028524,0.1992,-0.7294,23.1583,18.776884053676174,80
808,246.5341042749281,0.1988,-1.7013,26.0144,21.4037203568975,118
810,231.026976579632,0.1986,-0.7865,31.1256,16.599325668731115,98
812,231.79644090681973,0.1988,-0.1078,29.8849,17.734836924351033,101
814,227.1813732771658,0.1996,1.7588,22.8883,16.132436803282054,124
816,27.775937858769225,0.1998,0.3877,31.8134,16.11181030912292,65
817,32.6108066280775,0.1998,-0.1971,19.4419,22.555362333936447,63
818,255.31156033310563,0.1996,0.2197,26.8242,22.26164793122085,119
820,93.63756870972713,0.1993,-0.4073,22.8843,19.47382360475444,107
821,71.10667698172297,0.1992,0.3594,13.0805,18.10693924785757,96
822,55.75415222337685,0.1990,-0.3430,20.7768,20.37744514690012,87
823,226.59719064215543,0.1990,-0.5819,27.9597,17.990197929241113,105
825,224.7566710546189,0.1993,-0.5130,27.8443,19.38998317793843,104
827,110.8427063968308,0.1996,0.1091,22.5650,19.733799286794714,138
828,224.00419293061287,0.1996,-0.4001,25.8187,22.132327015433006,114
830,260.24656627758225,0.1994,-1.1539,26.5475,20.746493089603998,119
832,251.2533298914746,0.1995,-0.0404,24.2128,22.771431055378194,125
834,233.53493841140056,0.1992,0.9016,29.2145,15.844409791102903,102
836,229.04838899225408,0.1988,-0.5147,27.8948,16.732952843930036,106
838,13.74969469425212,0.1987,-0.9644,24.4872,16.515871394688393,53
839,55.888283136884624,0.1986,-0.2669,20.5082,20.766659438116147,86
840,238.10557547625135,0.1984,-1.2264,29.5025,17.966741125151643,104
842,61.12233869973484,0.1984,1.8733,17.8771,22.653961650067185,92
843,94.24219939051926,0.1982,-0.7297,18.2825,21.973965302241957,143
844,39.169764397356815,0.1980,0.3118,26.3119,17.656336972509962,74
845,42.00411476516656,0.1978,-0.0944,26.0085,18.07012423158545,75
846,252.60198329806983,0.1974,-0.1076,24.5320,18.69308942041479,134
848,90.13570530241137,0.1972,-0.4488,20.2588,19.78100821312168,116
850,254.94176746755664,0.1975,-0.4130,22.5469,16.915963852401166,141
852,227.67502497154555,0.1978,0.7420,29.3240,18.67083484239081,101
854,67.85348683546573,0.1979,-1.1922,21.6990,16.80559393109583,87
855,243.0014155025833,0.1978,0.8772,28.4378,19.73707034255836,108
857,80.53670711991819,0.1975,0.4718,25.9092,15.931182784224331,101
858,79.84368718382254,0.1973,-0.2961,18.7131,21.136859916963974,116
859,75.90426849204754,0.1972,0.0830,24.3857,20.476673403709924,106
860,248.94236162135823,0.1972,-0.4321,25.0424,19.518087944097484,131
862,224.61837767377523,0.1968,-0.1820,27.0802,20.11544974713892,107
864,216.92362624631454,0.1963,0.9126,28.1188,22.176149246039362,94
866,256.8298609230595,0.1961,-1.3599,25.5172,19.348772452893364,123
868,238.61072664231693,0.1965,0.1813,27.3567,19.140125083213594,110
870,46.51444685414165,0.1967,-0.5529,28.5099,15.916777620279335,72
871,36.94973715611343,0.1968,-0.4585,32.4204,13.962265710531431,66
872,241.89900772656404,0.1971,-0.2277,27.5800,20.539835111262125,109
874,223.07416198193172,0.1972,0.2338,21.5846,17.075136472420017,96
876,94.55170993470944,0.1971,0.2730,19.6255,23.420391456735388,119
877,237.72819436042144,0.1970,-0.4911,26.9096,20.34804460299919,111
879,80.27689534567276,0.1973,0.2153,21.0546,19.6872688489748,110
880,78.1715896217552,0.1972,1.2391,19.8823,19.16569936779648,123
881,213.9749470385024,0.1967,-2.6800,20.3341,15.402314446892136,96
883,245.50049533866053,0.1965,-0.5335,26.6304,19.600621386785544,113
885,94.82377196430153,0.1964,0.8759,22.0528,18.450020348577578,111
886,232.9124381184805,0.1961,1.1755,27.9321,17.486405372677584,107
888,241.13123192507936,0.1954,0.6516,25.2021,21.248186443265467,118
890,221.3244558332362,0.1949,-0.4084,28.5081,23.113994363370974,95
892,240.2049598150663,0.1950,-1.0422,27.9503,16.242436205347992,107
893,268.0112642821428,0.1950,-0.2288,22.2588,20.259174495734293,147
895,253.5184498513479,0.1953,-1.4553,24.1844,22.00629710106773,124
897,231.37840670534516,0.1958,0.0964,28.7854,18.49716175767875,101
899,227.2110824508341,0.1961,-1.2148,29.1914,16.410678005155464,100
901,221.35426659542634,0.1965,-1.0676,30.0298,20.59270293855657,90
903,215.54162892261354,0.1977,1.2224,10.3981,7.0996808585158595,331
905,232.47770600403607,0.1979,0.6561,30.1961,16.125077801066972,98
907,85.28938456591723,0.1974,-1.8654,19.6002,20.93883681894521,120
908,222.55741796360533,0.1973,0.1461,29.2475,21.827238045539065,92
910,15.341807752888442,0.1973,-0.8951,28.4269,17.16740770338954,50
911,76.93955473373096,0.1973,0.2123,24.6038,19.194812350098545,103
912,237.20822746100092,0.1971,-0.5804,27.3145,19.721050080965693,108
914,62.6664160832447,0.1971,0.7046,21.3271,20.117810861163278,87
915,239.85479899339873,0.1971,-1.0496,27.2622,19.06928282562989,109
917,28.575597555347173,0.1972,1.9232,21.0791,22.351284026004645,63
918,112.39554678904636,0.1971,0.2809,16.5086,23.66028088082283,159
919,15.426542160074646,0.1969,-0.8983,28.9656,16.390461830247933,49
920,227.87374989068502,0.1968,0.0269,27.5397,16.83135837472484,107
922,247.60678690002612,0.1969,-0.8694,26.7413,18.391071856253614,113
924,45.25104256330607,0.1972,1.6008,19.9081,17.964115304995754,87
925,238.67530648129562,0.1969,-0.7200,27.6817,18.125951956339595,107
927,237.74875043371327,0.1968,0.1467,27.8037,21.654670021655164,107
929,72.73019943993071,0.1968,1.8564,19.8371,20.393902094387222,92
930,50.654020172126934,0.1965,-0.6493,25.6487,17.50753828776793,77
931,255.81573403419392,0.1961,-1.4184,24.7614,19.640110963399458,125
933,255.10213042456442,0.1962,0.0277,19.2352,17.38343398732603,128
935,228.21951137709462,0.1964,0.4146,28.4266,16.24796014829764,102
937,67.82120796030479,0.1961,0.1271,20.3388,21.88354388496651,91
938,222.79689524570836,0.1959,0.9032,29.0698,16.960242820770667,98
940,237.33122589643204,0.1955,-0.3957,27.7713,18.186621937445196,105
942,240.57416287651287,0.1952,0.0059,27.2365,20.450834301545356,108
944,79.84586499947898,0.1949,-1.5874,22.5047,19.12211488776624,130
945,225.0465480128222,0.1952,-0.6984,28.1651,18.27469981634436,100
947,61.86325840705898,0.1958,1.2220,22.4891,20.547821581261008,85
948,223.53685950527114,0.1960,-0.9584,28.8250,18.04696041795301,99
950,83.43300356255352,0.1964,-0.2800,25.8350,16.993345029995925,103
951,32.308955479463535,0.1967,-0.2549,33.8328,14.901574404220897,65
952,70.73411486853699,0.1969,-0.1810,20.8902,19.444489209232884,89
953,232.08622461865065,0.1970,-1.0991,28.0363,16.233042966412103,101
955,249.0902493735782,0.1976,-1.0867,24.1834,21.4807035987933,122
957,236.8575511407628,0.1982,0.5234,26.1082,18.539382154336888,111
959,4.207024028936473,0.1987,-1.2234,32.4087,14.631328604635542,45
960,56.960038514093114,0.1990,0.6069,24.8034,18.704346137568013,81
961,220.88865134255695,0.1990,-0.9578,28.5627,23.02664926892916,95
963,232.70446805222264,0.1990,0.2950,26.6736,19.770735242763724,108
965,201.42926910374595,0.1988,-0.1605,29.4956,21.780525383857107,83
967,58.25323479338334,0.1986,0.4052,22.3647,23.066737393336837,86
968,230.73324063774706,0.1985,-0.4184,29.6902,15.221782700031124,97
970,34.478698673934105,0.1984,-0.4423,21.5839,20.34614972267659,63
971,50.71582439224673,0.1984,-0.3847,26.4209,15.893639386062121,77
972,225.70396019546436,0.1986,-0.4998,28.7207,15.299324031676514,97
974,241.2690059172768,0.1989,-1.9626,25.5985,17.252937615477155,113
976,215.74487192812114,0.1988,0.8008,27.5288,23.694106953230715,95
978,33.62360596530992,0.1988,-1.1380,22.0169,20.289069421869478,62
979,225.7391982083014,0.1989,0.3113,28.5996,15.509457181609392,99
981,225.42373050876688,0.1989,-0.2524,26.5333,19.197104530898223,104
983,31.810704419363873,0.1989,0.2939,14.1912,14.491619605394424,64
984,32.79087003609558,0.1988,0.3863,21.4898,20.16416172567225,63
985,234.92912788089308,0.1988,-1.5936,22.2511,23.08228160825311,125
987,217.47943860088134,0.1990,-0.3874,29.8377,16.554064517923823,87
989,230.17736302158505,0.1990,0.2692,28.3201,19.159842961281754,101
991,81.76466742709141,0.1986,1.8476,24.1743,17.721190956885422,105
992,67.44949963151124,0.1979,0.2738,24.6302,17.63819082360044,104
993,87.82279087279696,0.1973,1.6273,24.1100,19.507917842357656,108
994,220.3265836197284,0.1969,1.1018,20.5758,17.31283425317564,96
996,248.0570646122564,0.1965,-0.8947,25.5367,18.88826916066966,116
998,247.50859827618805,0.1964,-1.2249,23.8684,19.432993502617222,123
1000,16.743277652271203,0.1967,-0.5787,29.9713,15.888752070155947,49
1001,105.96429125407639,0.1969,0.1385,23.6267,18.738433723768562,136
1002,215.43607587307685,0.1971,-0.2874,29.6091,16.55608416993261,87
1004,219.15607123202517,0.1974,-1.9207,29.7823,17.126137308032792,86
1006,48.17646825326641,0.1978,0.1602,27.2044,17.17786873161609,76
1007,225.33403573107555,0.1981,-0.1986,28.4244,18.505952231924564,97
1009,219.08120384621057,0.1983,1.5086,29.4377,19.285606491330746,89
1011,223.63513249069493,0.1983,-0.9626,28.8006,17.04583178264633,98
1013,36.5211905275882,0.1985,0.3747,34.0289,12.98566768415339,66
1014,230.76204268528272,0.1985,-0.2976,28.7969,17.995589694261003,94
1016,230.13132722942336,0.1985,0.3425,27.7911,16.57918995040949,102
1018,214.02555285132337,0.1987,-0.6698,29.1693,19.947489539397065,88
1020,218.57823440268965,0.1989,0.6982,28.1599,20.896146937144575,93
1022,221.9667472735684,0.1988,-1.5128,20.3476,18.92546826365019,96
1024,209.84034568183148,0.1992,-0.2674,28.6046,22.617329004572827,86
1026,245.972200070419,0.1996,0.2613,25.4021,19.6613402765453,114
1028,233.38586187792606,0.1998,-1.1350,26.3016,22.632479302001926,106
1030,207.60653088901083,0.2000,1.7542,29.6917,19.0861916721916,84
1032,237.02061627040106,0.1998,1.4067,25.7625,15.97260959704027,111
1034,213.96923798165489,0.1990,-0.1334,28.6881,22.18129039126347,88
1036,93.21707968269308,0.1983,-0.8412,23.7485,18.155263451002803,132
1037,233.99335860077633,0.1978,0.1319,27.6778,18.579737847960157,102
1039,225.47254047979618,0.1970,-1.4744,25.1758,19.37169426180466,108
1041,231.3157840470821,0.1962,-1.1854,25.7925,17.59699545931371,107
1043,229.99310877743434,0.1963,-0.1198,23.6222,22.69727245923661,113
1045,112.36738359623473,0.1962,0.2114,24.6481,16.377053858286665,131
1046,84.41625743869906,0.1964,-0.0439,16.6570,17.145078738598666,175
1047,217.65275404839485,0.1966,-1.1214,28.3308,19.96906748129122,91
1049,236.4348430925876,0.1968,0.3934,26.9615,18.521120735070717,106
1051,105.92587892607361,0.1968,0.4385,14.8553,13.988760727964085,187
1052,233.52093871527796,0.1962,-0.4864,24.4095,20.372354126159024,113
1054,228.15029522743075,0.1956,0.8693,28.1966,17.3783331609456,98
1056,238.70601121791464,0.1952,-0.8526,25.8248,21.01303033469908,109
1058,234.8076162258097,0.1956,-0.2436,22.6645,24.747564032295834,119
1060,229.85994292612844,0.1961,0.6170,24.5666,19.199780906892872,113
1062,81.29410544053647,0.1962,1.4632,22.5131,19.414715165393066,111
1063,218.73255542148587,0.1961,-0.3416,27.6309,17.35605794042928,98
1065,35.302905043113924,0.1962,-0.2872,14.4561,14.918866416761025,64
1066,243.0306881742018,0.1962,-0.2638,25.0469,20.94549142027444,115
1068,202.74518287412218,0.1964,-0.3463,31.3764,14.981987514054936,75
1070,244.21764841486652,0.1963,-0.7760,25.9605,18.998506487962906,109
1072,228.84063674075875,0.1965,-0.2851,26.1229,17.85895832466618,103
1074,228.23908662238622,0.1965,0.3026,27.0063,14.522352736610898,101
1076,222.20716850742974,0.1960,0.1371,27.3249,17.366823732745278,98
1078,242.52473994531894,0.1955,-1.3021,23.9530,21.286725977671114,120
1080,259.7807604886116,0.1952,-1.3321,23.9586,24.00299191643795,124
1082,230.69732189470398,0.1949,-0.6770,27.2626,16.589510051046293,100
1084,92.05953142983702,0.1947,-0.2726,24.8660,18.34699168550027,129
1085,233.6477420836198,0.1946,-0.6141,25.4456,17.351114453063527,109
1087,43.56607022479457,0.1943,0.6357,32.8050,14.107854035207838,69
1088,223.61305298187574,0.1943,0.3268,21.6010,12.274937869346175,134
1090,33.476268968538704,0.1944,1.0693,33.3116,16.50427518165441,68
1091,227.2455056803621,0.1940,-0.1291,25.6996,19.693925666747095,104
1093,94.30774338587185,0.1936,-0.0021,24.3181,17.655226794632295,134
1094,89.80146408570647,0.1932,-0.4654,13.4556,14.873408090308896,221
1095,61.77875796347257,0.1930,-0.5336,23.4270,20.308549890036584,86
1096,238.70879836917698,0.1929,-1.1494,24.6229,19.625175547367792,113
1098,247.9117757574653,0.1931,1.0656,25.2273,17.307339715704842,116
1100,245.08803090484363,0.1933,-2.1810,23.5406,18.99975764837855,120
1102,222.8356808265297,0.1937,-0.9808,26.6882,20.663591538441135,95
1104,204.98411599142025,0.1942,1.4046,27.8842,21.085830126043668,86
1106,243.18624920527066,0.1944,-0.1845,23.5033,20.29953890904502,119
1108,211.10244681834172,0.1945,1.3905,29.8575,17.192098873303543,80
1110,84.28589281601086,0.1945,0.7232,27.8678,17.49511818255276,102
1111,214.9809075000368,0.1946,-0.0619,28.1252,17.721660071540075,89
1113,249.99542797684438,0.1945,0.6410,21.0565,16.8212396679368,140
1115,214.84380141552202,0.1939,0.4906,26.9970,20.58463796420092,89
1117,211.68813862426975,0.1938,1.5600,27.9162,18.7828998751396,87
1119,215.49569111377315,0.1937,-0.9767,27.7090,22.32935772073047,88
1121,34.535213993327176,0.1936,0.7042,29.1646,15.414319660328681,75
1122,228.28522361193825,0.1937,-1.6160,25.5588,17.782262317842985,102
1124,215.85889990666493,0.1941,-2.1805,27.3901,20.77772879070515,88
1126,215.80681043487303,0.1943,-0.3358,26.3758,20.75842482372319,93
1128,222.71823224356933,0.1947,-0.6495,25.6845,15.881278185964986,101
1130,227.22653261023595,0.1954,-0.4467,27.0210,15.891119328814405,99
1132,220.68001273550044,0.1961,0.2931,28.2220,19.15632318620467,88
1134,224.41939151563324,0.1965,-0.2328,26.7832,23.365281591239576,93
1136,80.57516766651318,0.1971,-0.1715,23.7501,20.039719149365425,108
1137,226.70908327208815,0.1973,-1.6018,26.2873,15.714071465486558,99
1139,231.06490066595762,0.1978,1.4993,27.2267,13.838779575084247,99
1141,265.74932696592305,0.1978,0.1577,23.0065,21.969613794986522,127
1143,70.40116557611123,0.1976,1.7913,21.4808,21.327383604366908,93
1144,202.55830266928507,0.1973,0.8861,30.6388,15.832897964650419,75
1146,220.68287367526307,0.1969,-2.1226,26.8561,22.980213605043875,94
1148,226.14701259360936,0.1968,0.1850,27.2625,21.583564292686763,94
1150,34.43072361968669,0.1968,-0.4486,34.3775,14.521490463558761,68
1151,6.092928100934081,0.1970,-0.6039,39.5719,11.45934377385642,41
1152,231.5096832989386,0.1972,0.8687,27.3275,15.955539071382312,98
1154,80.17463320454002,0.1974,0.9917,25.3800,19.026644480462288,107
1155,219.9188529482858,0.1973,1.2317,28.0043,16.39470303962236,87
1157,240.7036795504816,0.1971,-1.2715,23.2922,19.043785421183845,117
1159,243.98153307529466,0.1967,0.8059,22.4991,16.961714599185118,118
1161,218.0600717818948,0.1965,0.9636,25.6957,16.345970496942133,100
1163,206.3287114982275,0.1963,-0.1553,28.8721,18.12599480561924,81
1165,222.04417089872277,0.1962,-0.3702,19.1041,13.240406289732217,143
1166,221.1640012091882,0.1963,0.0640,27.0771,17.4529684753626,97
1168,66.02827185303661,0.1966,0.3828,24.3565,19.431936561289803,86
1169,223.4327013712617,0.1969,0.2708,25.1913,17.052112858657956,103
1171,217.86788331526074,0.1972,-0.1885,26.1130,23.215705307696492,94
1173,229.62422824723018,0.1974,0.3402,24.5323,18.821955819342275,109
1175,212.20715001113638,0.1975,0.9815,28.2748,17.270166391185864,82
1177,41.922714555386634,0.1974,0.1174,36.3273,13.863188261252107,66
1178,240.22238603456066,0.1972,0.0793,24.1862,18.42850941677635,111
1180,251.3807745866645,0.1966,0.9829,25.4462,17.831962724513755,112
1182,248.32527227416765,0.1959,-0.8616,22.5543,21.641198844013072,121
1184,235.86497599238086,0.1958,-0.5881,25.7214,18.941157320609616,104
1186,213.01355086752824,0.1960,-0.4606,28.0040,17.786442721406033,84
1188,237.293231439923,0.1963,0.7828,25.8466,18.442011008777033,103
1190,202.94268930977933,0.1961,-1.9284,28.9206,16.1016550811167,77
1192,219.70119060255118,0.1962,-1.6829,26.1522,20.679605052424755,95
1194,63.35040033572605,0.1962,0.2608,25.5095,18.259041162691823,84
1195,215.6381389265823,0.1960,0.2462,27.4981,18.970539069811455,86
1197,71.4429268904288,0.1955,1.5787,22.8550,20.42967425767575,89
1198,235.148184274597,0.1952,-0.1834,23.9314,21.80506097532686,111
1200,218.5949962612389,0.1949,-0.2881,26.4151,20.07334462741866,91
1202,224.2571971977971,0.1946,1.3527,25.5945,20.786751860267465,102
1204,53.922177077890936,0.1943,1.4660,26.9505,15.778975891905311,81
1205,222.9088980897012,0.1939,0.0834,19.1858,17.776381858406516,96
1207,57.276885751890546,0.1935,0.4448,28.1935,18.095643103016297,79
1208,226.32775748473188,0.1932,-0.2689,25.3314,16.442699310651896,102
1210,54.370510344147945,0.1931,-1.0386,29.9702,14.817067812940097,76
1211,209.13336074877918,0.1931,0.6838,28.8115,14.622756673903856,78
